Answer,Answer Index
Tell the attending that he cannot fail to disclose this mistake,2
Cross-linking of DNA,4
Cholesterol embolization,2
"Lactose-fermenting, gram-negative rods forming pink colonies on MacConkey agar",4
Ketotifen eye drops,2
Reassurance and continuous monitoring,4
Common iliac artery aneurysm,3
Clopidogrel,3
Active or recurrent pelvic inflammatory disease (PID),2
Silvery plaques on extensor surfaces,1
It is an HIV-1/HIV2 antibody differentiation immunoassay,4
Ruxolitinib,4
Meningioma,2
A reduction in diastolic filling time,4
Rotavirus,3
Gallbladder cancer,2
IL-4,4
Matching,4
Ibuprofen + colchicine +/- omeprazole,2
"Benzodiazepine intoxication
""",4
Previous radiation therapy,3
22q11 deletion,1
Histoplasma capsulatum infection,3
Staphylococcus aureus,4
Intubate with mechanical ventilation,1
Respiratory burst,4
Steeple sign,4
Induction of CYP3A4 by rifampin leading to decreased serum levels of ethinylestradiol and progesterone,1
Increased cerebrospinal fluid protein with normal cell count,4
Reassurance,3
Obstruction of the cystic duct,4
Increased ventricular wall stiffness,3
Chloramphenicol,4
Proliferation of gastric mucus-producing cells,2
"Insulin, potassium, IV fluids, and glucose",1
Psoriatic arthritis,1
Paraneoplastic syndrome from small cell carcinoma of the lung,4
Defective T cell function,1
2.67,4
Arcuate fasciculus,1
Polycystic ovarian syndrome (PCOS),3
Strict blood glucose control,3
Duodenal atresia,1
Coronary sinus,2
Globular 10-week sized uterus,1
Fomepizole,4
20,3
Femoropopliteal artery stenosis,1
Recommend autopsy of the infant,2
Proliferation of surfactant-secreting cells,3
Induces breaks in double-stranded DNA,4
Aldosterone excess,1
Defective hepatic bile excretion,4
Atropine,3
Tardive dyskinesia,1
KOH examination of lesion scrapings,1
Gynecomastia,3
Variable β-sequence of the T cell receptor,2
Hemolytic uremic syndrome,3
Patients with this disorder are not further sub-typed,1
Salmonella typhi,3
Acetaldehyde,1
No tests required,4
Insert a ‘straight cath’ into the patient’s bladder,1
Disruption of cell membrane permeability,1
Lytic lesions of the lumbar spine,2
Perform emergency laparotomy,3
Transplacental passage of TSH receptor antibodies,2
Nadalol,4
Proceed with liver biopsy,1
Spontaneous bacterial peritonitis,1
Cardiac contusion,1
Liver transplantation,3
Methimazole,2
Potassium hydroxide preparation,3
5,1
Biopsy of the mass,2
Deposition of calcium pyrophosphate (CPP) crystals,2
Transposition of great vessels,3
Interrupted 2-0 polypropylene suture with supporting pledgets,3
Reid Index > 50%,2
Caspase-9,1
Acral lentiginous,3
Jaw claudication,1
Endometrial tissue outside the uterine cavity,3
Friable irregular masses attached to the valve,2
Laparoscopy,3
High LDL-cholesterol,3
Thoracic aortic rupture,3
Propylthiouracil,2
Freshwater snails,4
Normal hemoglobin in patients with tetralogy of Fallot does not rule out iron deficiency anemia.,2
Delirium,3
Rheumatoid arthritis,4
A drop in systolic blood pressure of 14 mmHg during inspiration,3
MR angiography of the brain,4
Autosomal dominant,1
Antigenic variation,2
Cervical immobilization,2
Bromocriptine,2
Anti-B antibodies,4
Amantadine,1
Stop magnesium sulfate and give calcium gluconate,1
Myxedema coma,1
Aortic regurgitation,2
Borderline personality disorder,2
Positive emission tomography (PET) of chest now,2
Primary spermatocyte,1
Surgical pinning of the femoral head,4
Stool leukocytes,2
Bacterial translocation,3
Racemic epinephrine and intramuscular corticosteroid therapy,2
Esophageal fibrosis,2
JAK/STAT,3
Metformin,3
Power stroke,4
TSC1 gene on chromosome 9,3
Metformin,3
Chronic obstructive pulmonary disease,4
Avoid exposure to birds,3
Uterine artery,4
Epstein-Barr virus,1
Zika virus,4
Mixing study,1
Diarrhea,2
Isoniazid,1
Herniation of the uncus,1
Natural killer cells,3
Intrafascicular infiltration on muscle biopsy,1
Decreased acetylcholine release,1
Biliary atresia,2
QT prolongation,2
Diverticulitis,1
Aortoiliac atherosclerosis,2
"Increased PTH, decreased calcium, increased phosphate, decreased calcitriol",1
Binds endogenous peptides that have been transported by the TAP channel,3
Gastroesophageal junction incompetence,3
Treatment with radioactive iodine,4
Reassuring the parents and use of an enuresis alarm,2
Decreased positional sense in the ipsilateral leg,4
Amoxicilin,3
MRI of the adrenal glands,1
Inhibition of beta-tubulin polymerization,1
Aromatic amines,2
Reassurance and follow-up,3
Normal light microscopy findings,4
Tumor arising from cutaneous T cells,3
Cognitive behavioral therapy,4
Frontotemporal dementia,2
Immunoglobulin- IgM,4
Levofloxacin,1
Theca leutein cysts,4
Serum antibodies against hemagglutinin,1
Previous suicide attempt,1
Chickenpox,3
Synthetic cathinone intoxication,4
Benztropine,2
Acute pancreatitis,1
Administer calcium gluconate,3
Bartter's syndrome,2
1 and 2,3
Non-Hodgkin lymphoma,2
Linear IgG staining on immunofluorescence,3
Positive latex agglutination test,1
Viral reactivation in dorsal root ganglia,1
Using mortality rates in the analysis,2
Silicosis,2
Takotsubo cardiomyopathy,3
Undergo upper GI endoscopy,2
Antigen-antibody complexes,3
Miosis,3
Prominent occiput,4
Olanzapine,3
Increase in serum ACTH,1
Lead-time bias,4
Needle decompression,4
580 / (580 + 20),4
Osteoarthritis,3
Right-sided analgesia,4
Chlamydia trachomatis infection,3
Glanzmann’s thrombasthenia,2
"Non-enveloped with linear, double-stranded DNA",4
Glandular tissue enlargement,2
Resistance to clotting factor degradation,4
Fluoxetine,1
Seek a court order for neoadjuvant chemotherapy,4
The mischarged tRNA with valine will be incorporated in the codons that specificy for lysine,2
Ketamine,2
Rotator cuff injury,4
Erosion of tooth enamel,3
Citalopram,1
Maternal diabetes,3
Effect modification,4
IFN-gamma,3
Conversion of aminolevulinic acid to porphobilinogen,3
Recall bias,3
Warfarin,1
Chronic kidney failure,2
Prostate cancer,4
Cortical thinning with tubular atrophy,3
Calcium oxalate crystals,1
Ovarian cancer,2
Inferior thyroid arteries,3
Benznidazole,1
Inferior mesenteric artery,2
"I, III, IV",2
LOD Score > 3,3
"Close observation, pap smear screening at 6 and 12 months, and HPV DNA testing at 12 months",1
Inhibits viral assembly,2
Squamous cell carcinoma,1
Initiation of S phase,3
Hepatitis C virus antibodies,2
Lack of risk calculation,4
Acalculous cholecystitis,1
Factitious disorder,2
Digital rectal examination,3
Vasoconstriction of the medullary vessels,4
Dilation and curettage,3
Dermis,4
Dysfunction in a transmembrane regulator,1
Decreased FEV1 and FVC with normal FEV1/FVC ratio,3
Administer zidovudine,1
Increased gene expression of GLUT-4,3
Endometrial sloughing and uterine contractions mediated by prostaglandin,1
Retrograde migration up peripheral nerve axons,2
Vitiligo,3
Fludarabinern,3
Amphotericin B,3
Chikungunya,1
Treating the underlying illness,4
Coarctation of the aorta,2
Staphylococcus epidermidis,1
Antibiotics and drainage,3
Acid-fast,1
Secretion of γ-interferon by activated T-lymphocytes,3
Active hepatitis A infection,1
Nucleotide excision repair,1
Dense fibroinflammatory infiltrate,2
Incidence rates will be higher during shorter time periods than longer periods.,1
Muscle biopsy,1
Neuron-specific enolase,4
Urease-producing organism in the small intestine,2
Absent Barr bodies on buccal smear,1
Restart rosuvastatin at a lower dose,1
Larynx,4
Increase PEEP,3
Repeat blood cultures now,1
Azithromycin and ethambutol,4
E2F transcription factors,2
"PPV decreases, NPV increases",2
Cognitive behavioral therapy (CBT),1
Finasteride,2
Methylphenidate,1
Imbalance of fluid secretion and resorption by the tunica vaginalis,4
Surgical debridement,1
Microcytic red blood cells,3
Actinic keratosis,3
Tetrahydrobiopterin,4
Decreased ALA synthesis,4
HFE gene,4
Reassurance,3
Staphylococcus aureus,3
↓ ↑ ↓,4
Systematic desensitization,3
Diffuse alveolar damage,1
Lower lobe cavitary mass,4
Primary respiratory acidosis,1
100%,4
Cochlea,4
"Gram-negative, oxidase-positive bacilli",3
Oligoclonal IgG bands on electrophoresis,3
No tests required,2
Autoimmune endocrinopathy,3
Abdominal CT scan,1
Keratoacanthoma,1
Adenosine,1
Interleukin 11,3
Toxic tubulointerstitial nephritis,4
BiPAP,1
Intravenous dexamethasone therapy,2
Cognitive behavioral therapy,2
Hemidesmosomes,3
Schizoid personality disorder,1
Streptococcus pneumoniae,1
Decrease in transmembrane sodium gradient,1
Start him on both hydrocortisone and fludrocortisone therapy,3
Polymerase chain reaction,3
Doxycycline,1
Impaired CSF flow through the arachnoid granulations,2
Small blue cells arranged in rosettes around a central neuropil,3
There is a 5.2% chance that A is more effective than B is due to chance,2
Anti-cardiolipin,1
Acute arterial occlusion,3
IM epinephrine,1
Metaplasia,1
Endometrial carcinoma,1
Brown-black color in one area of the lesion to red-white in a different area,1
Fluid restriction,4
Polyostotic fibrous dysplasia,4
16,2
Superomedial quadrant of the right buttock,4
Papillary muscles,3
Alport syndrome,1
Vaginal septum,3
Asthma attack,1
Lactulose,2
Ehlers-Danlos syndrome,3
Contact another family member for consent,3
"Increased glomerular filtration rate, restricted aldosterone release, vascular smooth muscle dilation",3
Informed consent is not needed in this case,4
Prevalence,2
Impaired degradation of β-catenin,3
Linear aggregations of red blood cells,2
Oxybutynin,2
Alpha-adrenergic agonist,1
Mixed connective tissue disease,1
Bupropion,1
Denaturation of lens protein,1
Somatization disorder,3
Bipolar II disorder,1
Abdominal x-ray,3
Subcutaneous fondaparinux,1
Intracellular inclusions of alpha-synuclein,3
Impaired growth plate mineralization,3
ERCP,1
Autosomal dominant polycystic kidney disease,2
MRI of the hip,1
Preventable by a live attenuated vaccine,1
Sympathetic block,1
Exchange transfusion,2
Interstitial edema,2
Sickle cell disease,2
Inhibition of P-glycoprotein,4
Intubation and mechanical ventilation,4
Comprehensive foot exam every year,2
Hypertrophic cardiomyopathy,1
Epstein-Barr virus,1
Decrease in systemic vascular resistance,2
Clonidine,1
Desensitization,1
Cognitive training,4
External anal sphincter,2
Needle thoracostomy,3
Rectouterine pouch,1
Cerebellar demyelination,1
Fexofenadine,2
Reaction formation,2
Primary hyperparathyroidism,1
Continue current therapy,3
Decreased adiposity contributes to hypoestrogenemia in this patient,2
Incision and drainage with intravenous ampicillin-sulbactam therapy,2
Factitious disorder,1
Adverse effect of anesthetic,1
Bone marrow biopsy,2
Heliobacter pylori infection,3
"HIV, syphilis, and hepatitis B",1
Schizotypal personality disorder,1
Heroin,4
Moderate flexion then hyperpronation,2
Polymyositis,3
Anterior horn cell degeneration,1
Methimazole and propranolol therapy,1
Tenderness at the insertion of the Achilles tendon,4
Papillary carcinoma of the thyroid,3
Methadone,1
Renin,3
Raynaud's phenomenon,1
Recommend additional serologic testing for parvovirus B19,4
Trichomonal vaginitis,3
6th pharyngeal arch,4
Increased adenylate cyclase activity,4
Cladribine,1
Urine antigen test,4
Pseudomonas keratitis,4
Valley fever,4
Exchange transfusion,2
Polymerase chain reaction for viral genes,4
Anti-HEV IgM,4
Inflammation and edema,1
Accumulation of fluid in the pericardial space,3
Hydrochlorothiazide,2
It is inhibited by protein kinase A activity,3
Bupropion,3
Hematopoietic cell transplantation,1
Autoantibody-mediated platelet activation,4
"Integration of foreign DNA into host genome
""",4
HIV and HCV testing,3
Pseudomonas,2
Reassurance and counseling on positioning,3
Left cord hemisection,4
PSA,1
Pericardiocentesis,1
Chronic obstructive pulmonary disease,3
Wrap the intestines in a sterile bowel bag,1
Upregulation of hepcidin,3
Add fluticasone daily,2
Struma ovarii,4
Autosomal dominant,1
Chronic obstructive bronchitis,4
The drug caused uncoupling of the electron transport chain and oxidative phosphorylation.,2
Rough endoplasmic reticulum,2
Administer ulipristal acetate,3
Lamotrigine,1
Pancreas divisum,4
Seizures due to hypocalcemia,1
Mevalonate,1
Acetylcholine receptor,2
Release of prostaglandins,2
Sofosbuvir and ledipasvir therapy,1
Parietal cells,3
ADH resistance in the renal collecting ducts,3
Celiac disease,2
Inpatient treatment with intravenous ciprofloxacin,1
0.9% saline IV,1
Enterotoxigenic Escherichia coli,4
"If the sensitivity of this screening test were decreased, the statistical power would decrease.",4
Creates pores in the cell membrane,3
Inadvertent surgical removal of parathyroid glands,1
Iron supplementation,3
Protein C concentrate,2
Long face and large everted ears,2
Metoprolol,3
Increased alveolar dead space due to absent perfusion of certain alveoli,1
Protein deposition,4
"A small region of red, velvet-like mucosa in the lower esophagus",3
Refuse the procedure because it violates the ethical principle of autonomy,3
Inhibit phagocytosis,2
Glycosidic bonds,2
Oral acyclovir,1
Surgical gastropexy,4
Distributive shock with warm skin,1
Head MRI,2
Intravenous thiamine,1
Trichomonas vaginalis,3
Acetylcholine,2
Atropine and pralidoxime,3
Endochondral ossification,3
HER2,1
Na+/Cl- cotransporter in the membranes of epithelial cells in the distal convoluted tubule,3
Itraconazole,1
Squeezing the nostrils manually for 10 minutes with the head elevated,4
Infection,3
Projection,3
Chikungunya virus,2
Accept the patient's wishes and ensure he receives appropriate care.,3
Compression ultrasonography,2
Headache and tinnitus,1
Carotid baroreceptor firing activity,3
Emergency open surgical repair,4
Recurrent laryngeal nerve injury,2
Isolated gonadotropin-releasing hormone (GnRH) deficiency,2
Phosphodiesterase inhibitor,4
D-glutamate capsule,2
Staphylococcus aureus,2
E,4
Posterior cerebral artery,3
Breastfeeding jaundice,2
It is a diagnosis of exclusion,2
Sympathetic nervous system activation,3
Surgical pinning of the right hip,4
Leydig cell tumor,1
Nocturnal penile tumescence testing,3
Amoxicillin-clavulanic acid,2
Oral prednisone,1
Borderline personality disorder,2
Papillary necrosis,3
Excess weight,2
Negative selection,4
"μ, κ, and ẟ receptor antagonist",1
Sarcoidosis,1
CN X,1
Reidel thyroiditis,3
Principal cells; aldosterone,3
HSV-1,3
Respect the patient's prior wishes and do not resuscitate,2
Synchronized cardioversion,4
Spherocytes,3
Elbow flexion,1
Shellfish,3
Arterial emboli,3
Hypokalemia,2
Increase in false negative test results,1
Increases levels of fetal hemoglobin (HgbF),2
Potassium,3
Hair tourniquet syndrome,3
Omeprazole,4
"Dexamethasome, racemic epinephrine and observation for 4 hours; discharge if stridor remits",2
"Conversion of a protein from an a-helix to a ß-pleated form, which resists degradation.",3
Anti-Sjögren's syndrome type B (SS-B) antibody,1
Tiotropium,3
Impaired migration of GnRH neurons,3
Inform the patient that romantic relationships with current patients are unethical.,1
It consists of a largely circumscribed granuloma with epithelioid cells with Langhans cells.,3
Phosphoinositol system,3
Monochorionic-diamniotic monozygotic,1
Deep venous thrombosis,1
Decreased antidiuretic hormone secretion,3
Sensory loss,4
"pH = 7.5, Pco2 = 50 mm Hg, HCO32- = 38 mEq/L",1
Retrograde cytoskeletal motor protein,3
Inflammation of the gallbladder wall,2
Adaptation in binding proteins,4
Surgical excision,2
25/5 mmHg,2
Tympanostomy tube insertion,2
Citrate,2
Hallucinations,1
Cefepime and levofloxacin,4
Schizoaffective disorder,2
Vascular dementia,4
"""""""Let's talk about what makes it difficult for you to take your medications.""""""",1
Ultrasonography of the neck,1
"Discontinue methimazole, start propylthiouracil",2
Spinal stenosis,4
Anaphylactic transfusion reactions,1
Granulomas with giant cells,4
Change lisinopril to losartan,4
Mu receptor agonist,1
Thrombotic thrombocytopenic purpura,2
Exploratory laparotomy,3
"Muscle relaxation time: increased, cytosolic calcium concentration: increased",2
Percutaneous coronary intervention,1
History of abdominal surgery,3
Continuous mucosal damage,4
T-cell receptor signaling,2
Presence of smudge cells,4
Sodium bicarbonate,3
Thick and thin blood smear,1
Streptomycin,3
Central retinal artery occlusion,2
Patent foramen ovale,1
Replace potassium intravenously,4
Fluphenazine,2
Membrano proliferative glomerulonephritis (MPGN),1
S3 gallop,2
It reflects a smaller sample size,3
Centrilobular hepatocytes,4
Propofol,1
Inhibits cell wall synthesis,1
Excess collagen deposition in the extracellular matrix of the lung,4
Clomipramine,4
"The association is not statistically significant, and low education is not a risk factor.",1
Neural tube defect,2
D-dimer,3
DIP has more neutrophils and fewer monocytes than PIP,2
Temporomandibular joint dysfunction,3
Atelectasis,4
CT scan of the head,4
Continue antitubercular therapy and antiretroviral therapy without any change,4
Pyriform sinus fistula,2
Bladder tumor,1
Decreased glucose uptake by adipocytes,1
Endoscopic retrograde cholangiopancreatography (ERCP),1
Eplerenone,2
1 month of associated symptoms ,1
Involuntary hospitalization after informing the parents,2
Bacillary angiomatosis,1
Plague,3
Molluscum contagiosum,2
Reaction formation,2
Dietary changes,1
Heat stroke,3
Gynecomastia,2
Clear cell adenocarcinoma,1
Lowering citalopram dose,1
"Fludarabine, cyclophosphamide, rituximab",2
Left circumflex artery,2
Thoracic aortic aneurysm,4
Primary biliary cirrhosis,1
Dantrolene,2
Administration of oral ketorolac,1
Pneumonia,3
Topical metronidazole,3
Increased right ventricular afterload,3
Selective albuminuria,2
Notochord,2
Ruptured ovarian cyst,4
Increased peak tricuspid regurgitation,2
Fluoxetine,1
Well-defined cystic lesion with peritrabecular fibrosis,4
Brief psychotic disorder,1
Age,3
"Inhibition of the 60S ribosomal subunit, resulting in decreased protein synthesis in gastrointestinal mucosal cells",4
Wilson disease,4
Tracheobronchial rupture,4
Cardiac tamponade,4
Lactotrophs,2
Ventricular septal defect,4
Support pessary,1
Infundibulopelvic ligament,4
Smudge cells,3
Chlamydia trachomatis,3
Inosine monophosphate dehydrogenase,1
Mismatch repair,3
Gastric peptic ulcer,3
Prevent excess anterior translation of the tibia relative to the femur,2
Oxidization of Fe2+ to Fe3+,3
Sodium hypochlorite,2
Pseudocyesis,2
Alcohol use disorder,3
Conjugation with a protein carrier provides effective protection to infants,4
Influx of calcium,4
"Rifampin alters normal gastrointestinal flora, which leads to a decrease in the enterohepatic circulation of estrogens.",1
Dermatofibroma,1
Coronary artery aneurysm,1
Marijuana,2
Superior mesenteric artery,4
The observed number of deaths divided by the expected number of deaths,3
Hypoxanthine-guanine phosphoribosyl transferase of the purine metabolism pathway,3
Zinc,4
Repeat antibody screening at 28 weeks. Administer anti-D immunoglobulin at 28 weeks and after delivery if the newborn is Rh(D) positive.,1
Parasitic infection,3
Decreased complement levels,1
Food-borne illness,3
Inhibition of vitamin K-dependent clotting factors,3
Benztropine,1
Minimal change disease,4
Mutation of DNA gyrase,2
Diazepam,3
Inhibition of lipase,4
Triamterene,3
Dog bite,4
Presence of immunoglobulin bands on cerebrospinal fluid immunofixation,3
Case-control study,1
Sodium bicarbonate,4
"Low IgA, normal IgG, and IgM",2
Elevated serum creatine kinase,4
Elevate posterior fornix,3
Insulin resistance,3
Runs posteriorly from the medial femoral condyle,4
"Increased Aa gradient, decreased surface area for diffusion, increased diffusion distance",4
Babesiosis,2
Atrial myxoma,4
Classical Hodgkin’s lymphoma (HL),2
Bethanechol and intermittent straight catheterization,1
Echocardiogram,2
Indomethacin,1
Boys are more commonly affected than girls,1
Chlorine-based solution,1
Alanine,1
"Dimercaptosuccinic acid (DMSA), also known as succimer",4
Femoral neck fracture,1
Alveolar hypoventilation,1
Ask the son to step out so you can speak with the patient alone,4
Increased activity of D cells,2
Capsular invasion,2
Tumor stage,2
Adenosine deaminase deficiency,2
ATP7A,1
Gonadectomy,1
Gastritis,3
Decreased iron-binding capacity,3
Measure serum drug concentration,3
Acute calculous cholecystitis,1
Muellerian agenesis,1
Gastrohepatic ligament,2
Perforated gastric peptic ulcer,4
Begin warfarin and heparin,4
Case-control,3
Extending fine striations,3
Generalized anxiety disorder,1
Systolic murmur that increases with hand clenching,1
Blunting of costophrenic angle,4
Ventral thalamus,4
Von Willebrand disease,3
Flexor pollicis longus tendon,2
Imbalance of fluid secretion and resorption by tunica vaginalis,1
Emergent fasciotomy,1
Varicella,2
Conservative management with IV fluid hydration and observation,2
Its activity depends on pH and is greatly reduced in the presence of organic matter,4
Tinea cruris,2
The baby’s oocytes are arrested in prophase,2
Folic acid supplementation,4
Sitagliptin,1
Airway remodeling,3
Platelet activating factor,1
CT scan of the head,1
Factorial design study,2
Iodine deficiency,2
Acute hepatitis B,4
Antibodies directed against phospholipids,2
Prednisone,4
Streptococcus pneumoniae,3
Complement inhibitor deficiency,2
Functional residual capacity,3
Ornithine and carbamoyl phosphate to citrulline,1
Germ cells,1
Organic acids competing with urate for tubular secretion,1
"Treat with three weekly injections of penicillin, obtain titers in 6 months",3
Cholelithiasis,1
"3 months prior to conception, begin a restricted diet to lower phenylalanine levels to below 6 mg/dL",2
Aortic regurgitation,3
Isosorbide dinitrate,2
Bed rest and activity limitation,1
Osmotic diuresis,2
Peroxisome proliferator-activated receptor gamma,4
Anti-glomerular basement membrane antibodies,4
Major depressive disorder,1
Pyridostigmine,1
International normalized ratio,2
P/D1 cells,3
Negative predictive value,3
CA 19-9,4
Continue normal breast feeding,4
Urethral hypermobility,3
IV fluids and mannitol,2
Proximal tubule,3
Absence of UDP-glucuronosyltransferase-1A1,1
B,1
Malabsorption of fatty acids,3
Ichthyosis vulgaris,3
Cervical trauma,3
Administer IV fluids and insulin,1
Late systolic crescendo murmur at the apex with mid-systolic click,2
They occur only during non-REM sleep,2
Hyperpermeability of superficial dermal microvasculature,3
Secondary hyperparathyroidism,2
Amlodipine,4
α-ketoglutarate dehydrogenase,1
Decreased progesterone,2
Interventricular foramen,2
Vitamin K deficiency,4
Mitral valve regurgitation,3
IV fluids and monitoring,4
Nystatin,3
Pyoverdine,4
Cells staining positive for CD15 and CD30,1
Crown-rump length,3
Elongated and thickened pylorus on abdominal ultrasound,3
The child should be administered a single dose of oral azithromycin.,4
Cytogenetics,2
Intravenous ciprofloxacin and vancomycin therapy,2
Metabolic alkalosis,2
pol gene mutation,3
Alendronate,1
She fears not being able to escape similar situations.,1
Vagal stimulation,3
4%,1
Tearing of the middle meningeal artery,1
Reducing daily insulin dose,4
Chlorine dioxide,1
Transient hypertrophic cardiomyopathy,2
Spinal metastasis,2
Modafinil,3
Cooling the dialysate,1
Increased tryptophan intake,2
"Methylprednisolone, plasmapheresis, and cyclophosphamide",3
Intracellular receptors,1
IV steroids,3
Blocks microtubule formation,2
Posterior urethral valves,2
Filgrastim,3
Hyaline membranes lining the alveoli on lung biopsy,3
Choledocholithiasis,2
V/Q scan,3
Cyclophosphamide,2
Currently menstruating,4
Group D streptococci,4
Sargramostim,3
Check serum electrolytes,2
"Perform percutaneous drainage
""",4
Add a sulfonylurea,3
Alpha-Ketoglutarate + NAD+ + CoA <=> Succinyl-CoA + CO2 + NADH,1
Treat and transfer the patient after she makes a written request,3
Muscarinic antagonist,3
Failure of paramesonephric duct development,4
Elevated serum CA-125 level,1
Ultrasound,2
Propranolol,3
Hypothesis testing cannot be performed,2
Cell wall cross-linking inhibitor,3
Pyrantel pamoate,4
Central fusion of the inferior poles of the kidneys ,1
Impaired urine concentration ability,4
Inferior vena cava,1
250/25,2
Paroxetine,3
He may work longer shifts,3
Increased norepinephrine at the sinoatrial node,4
Surgical resection,3
A Western blot will show increased HIF-1α compared to a normoxic control.,4
Proteinuria,4
Relative protein intake,2
Cell-free DNA testing,2
Macrophage,4
Factor XII,4
Night blindness,3
Type II pneumocytes,3
Prolonged QT interval,3
480 mg,2
Gastroenteritis,1
Triazolam,2
GI upset,2
Aortic valve stenosis,4
Increased production of nitric oxide,3
“I can not help you due to the ethical principle of nonmaleficence.”,3
IL-4,4
Duodenal atresia,3
Beta-1 adrenergic receptor,2
Deferoxamine,2
Meningocele,2
"Ages 2 months, 6 months, and 12 months",4
CT angiogram,1
Antitoxin,1
Cystocele,2
Crohn’s disease,1
Cardiac tamponade,1
Donepezil,3
"WBC/mm3 53,000; % PMN > 75%; Viscosity low",2
Eosin-5-maleimide binding test,1
Atrophy of the striatum,4
Adenocarcinoma of the lung,4
Stiffening of the aorta,3
Orchiopexy,4
Urinalysis,1
Pulmonary embolism,1
Fee-for-service may incentivize physicians to increase healthcare utilization irrespective of quality,3
Aspirin and heparin,1
Androgen insensitivity,4
Waldenstrom’s macroglobulinemia,3
Hyperphosphorylated tau,3
Hyperpigmentation of the liver,3
X,3
gp120,1
This mass will most likely decrease in size or disappear over time,3
Lumbar puncture,2
Inhibition of gonadotropin-releasing hormone release,1
Substance abuse,2
Moxifloxacin and admission to the medical floor,4
Liquefactive necrosis,2
Throat culture,1
Amniotic fluid entering the endocervical veins,2
Tartrate-resistant acid phosphatase,4
Halothane,3
Parietal cell destruction,3
Hyperkalemia,1
Administer lactulose,4
Hyperparathyroidism,1
Increase in circulating fetal hemoglobin,2
Type IV hypersensitivity; CD4+ T cells,4
Adenomatous polyp,2
Bacillus cereus infection,3
Histoplasmosis,3
Pregnancy success rate with donor oocytes is similar to patients with primary ovarian failure,1
Perichondrium,1
MRI of the brain and spine,3
Inhibition of primary active transport,3
Brown recluse spider,2
Area postrema,4
Urinalysis,2
"High BNP, high ADH, low sodium, low potassium",3
Urgent endoscopic retrograde cholangiopancreatography (ECRP),3
Neuroleptic malignant syndrome,3
Beta-hemolytic cocci in chains,2
Arylsulfatase A,2
Folinic acid,3
Activating natural killer cells and cytotoxic T cells,3
Papillary carcinoma,1
Decreased pulmonary capillary wedge pressure,4
Pituitary infarction,3
Cholecystitis,2
Discontinue birth control and place an intrauterine device,2
Administer naloxone,1
Exploratory laparotomy,4
Reintubate,3
Insufficient production of procollagen type 1,1
Antithrombin III deficiency,1
Cardiac pacing,3
45/195,1
Ulcerative colitis,1
"Chronic, non-bacterial prostatitis",2
Left gastroepiploic artery,3
Administer hepatitis B vaccine and HBIG,3
Supportive care,4
Tolterodine,4
Sumatriptan,4
32 breaths per minute,2
"Wrap finger in moist gauze, put in a plastic bag, and place on ice",3
Anovulation,4
Turner syndrome,3
Bleomycin,1
Contrast administration,4
Caspase 1,2
Rough endoplasmic reticulum,1
Medication reaction,3
Neisseria gonorrhoeae and Chlamydia trachomatis screening,1
Hemolytic anemia and ataxia,1
The 99% confidence interval includes the null hypothesis.,1
Gp Ib,1
Alendronate,1
Allow vaginal delivery,1
Increased renal tubular sodium reabsorption,4
Amoxicillin-clavulanate,2
Kwashiorkor,1
X-linked dominant,4
Schizophrenia,4
Mesna,2
Avoidant personality disorder,2
"pH 7.36, PCO2 22 mmHg, and HCO3- 16 mEq/L",3
↓ hemosiderin stores,2
Dilation and curettage,4
Sexually transmitted infection,3
Irreversible inhibition of H+/K+-ATPase at parietal cells,2
Fatty casts and albumin,2
Measurement bias,1
Nests of atypical melanocytes,4
Myocardial perfusion scan under pharmacological stress,1
Urine culture should be performed in this patient again.,3
Omphalocele,2
Melanoma,2
Tachycardia,3
Blue-green pigment,2
Isotype switching,4
Inhibition of cross-bridge cycling,3
It can lead to hydrops fetalis secondary to fetal anemia.,1
Coronary artery vasospasm,1
"Factitious disorder imposed on another
""",4
Bladder catheterization,2
Straight leg raise,2
Plummer-Vinson syndrome,1
Sorbitol dehydrogenase,1
Chronic granulomatous disease,1
Initiation of abduction,3
Osteophytes with joint-space narrowing on x-ray,1
Chediak-Higashi syndrome,3
CT angiography of the chest and give oxygen,2
Inhibition of xanthine oxidase,3
Administer glucagon,2
Flutamide,3
Hyponatremia,1
Accumulation of S-adenosylmethionine,1
No further work-up needed,4
Escherichia coli infection,1
Determining patient’s life-expectancy without treatment,2
These cells transform to macrophages when they migrate to peripheral tissues.,1
ß-hCG,2
History in the previous pregnancy,3
Medication,3
Decreased lymphocyte count,1
Increase in capillary pressure,1
Pancreatic adenocarcinoma,1
Adrenalectomy,1
Efflux of calcium ions,4
Intravenous hydration,4
Embryonic hematopoiesis,2
Cerebellar degeneration,3
Short stature,2
Metoprolol succinate,3
Prednisone and albuterol,1
Ovaries,1
Varenicline,3
Avoiding all dairy products,1
Fractional excretion of urea (FEUrea),3
Diffuse maculopapular rash,2
New York Heart Association Class III,3
Multiple periventricular sclerotic plaques,1
Anti-D IgG,2
Secondary active transporters fail to completely reabsorb glucose in the renal tubules,2
Adhesive capsulitis,2
Toxic exposure,4
Adjust dosage of medication throughout the pregnancy,1
Intravenous cefotetan and doxycycline with inpatient admission,2
20%,4
Amoxicillin,3
Inhibitor of xanthine oxidase,4
Creatine kinase (CK-MB),2
Thumb spica cast and repeat x-rays in 2 weeks,2
Periductal concentric scarring and fibrosis,1
Haemophilus ducreyi,3
Buspirone,3
Hyponatremia,4
Reassurance,3
Anti-intrinsic factor antibodies,2
Relapse,4
Projection,3
Oral mifepristone + misoprostol,4
Seborrheic keratosis,2
Increased residual volume and decreased 1 second forced expiratory volume,3
Lymphoma,3
Hysterosalpingogram,2
Relative lipophobicity,3
Pleural effusion,2
Nadolol,3
2-pralidoxime,3
Chronic lymphocytic leukemia (CLL),1
Opportunistic colonization,3
Dietary restriction of phenylalanine,2
A type 2 error is not possible in this case.,2
Impaired iron absorption,2
Rectal suction biopsy,4
Ewing sarcoma,3
"""I really haven't thought about the colonoscopy until today. Worrying before getting the results wasn't going to help anything.""",4
Hemoptysis,1
Disulfide bond cleavage,2
Meconium aspiration,3
Inhibiting bacterial adherance and colonization of mucous membranes,3
Opioid overdose,4
"""I have bad news I need to share with you. Please sit down so we can discuss.""",2
Slit-lamp examination,4
Vitamin B12 deficiency,3
Testing for serum ESR and autoantibodies,3
Paroxysmal atrial fibrillation,1
Pulmonic valve stenosis,4
Levofloxacin,3
Antineutrophil cytoplasmic antibodies,4
Exophthalmos,3
Abdominal radiograph,1
No treatment is necessary,4
Deficient nitrogenous base production,3
PCR positive for Chlamydia trachomatis,2
Decreased ATP,4
NH3 + HCO3- + 2 ATP --> carbamoyl phosphate + 2 ADP + Pi,1
Methotrexate,3
Administer ampicillin intrapartum,2
Tetralogy of Fallot,1
Disseminated intravascular coagulation,3
Streptococcus bovis,4
Cocaine,2
This patient's apnea-hypopnea index (AHI) is more than 5.,1
Radial traction on airway wall,3
Transfusion reaction,4
Oral morphine therapy,1
Urine porphyrin levels,3
Lysosomes,3
Decreased gastric blood flow,4
Leaden paralysis,1
"1,500 units",2
Telomerase,4
Elevated TSH,1
Low levels of parathyroid hormone in serum,1
Yolk sac tumor,4
Immediate debridement and empiric IV antibiotics,2
Physostigmine,2
A septal hematoma causing a perforation,2
Hair follicles,2
Lateral aspect of the shoulder,2
Decreased production of PGE2,1
Blocking reuptake of dopamine and norepinephrine,1
Pramipexole,2
Capillary leakage,2
Heparan sulfate,3
Acute lymphocytic leukemia,4
Papillary carcinoma,4
TH2 cells,2
Left middle cerebral,1
15%,2
Cutaneous xanthomas,2
Wide pulse pressure,2
Transformation,3
Timing of the dosing of colesevelam should be separated from this patient’s other medications.,3
1200 milligrams,3
Clostridium tetani,2
VIPoma,2
Supraspinatus,1
Chorea,3
Complete blood count,4
Interaction of B7 and CD28 ligands,1
Adrenocortical insufficiency,3
Ketamine,1
Deficiency of ATP,3
Propranolol,4
Constriction of afferent arteriole and no effect on efferent arteriole,1
It competes with acetylcholine for binding sites in the neuromuscular junction,4
Hereditary angioedema,4
Oral glucose challenge test,1
Glutamate capsule,1
Fecal incontinence,3
Pancreatic islet cell amyloid deposition,2
Phyllodes tumor,1
Zenker's diverticulum,4
Intravenous immunoglobulin (IVIG),1
Blocks reuptake of norepinephrine and serotonin,4
"Low-dose, no change in ACTH; high-dose, decreased ACTH",4
Methadone,3
Lambert-Eaton syndrome,4
Inquire why the patient's daughter feels her mother should not be informed of the diagnosis,2
Erythroblasts with mitochondrial iron deposits,1
Amiodarone,1
Medial longitudinal fasciculus,4
Decreased release of glycine,3
Degenerative disease of the joints,4
Bullous pemphigoid,2
Rest and acetaminophen,1
Passage of a catheter through the nasal cavity not possible,4
Increased Ca2+ influx in phase 4,1
Cranial ultrasonography,2
Hypertrophic cardiomyopathy,3
No specific management required,2
Benign salivary gland tumor composed of stromal and epithelial tissue,2
Reassure the mother,3
Sacubitril,3
Advanced sleep phase disorder,2
Dual-energy x-ray bone absorptiometry,2
Minimal change disease,3
Rectus abdominis,3
Type IV–cell-mediated (delayed) hypersensitivity reaction,3
Colorectal cancer,3
46XX,4
Autosomal dominant,1
Enlarges hemolytic area of Staphylococcus aureus,1
Rationalization,1
Viral core antibody,3
Increased capillary hydrostatic pressure,3
The vascular protrusion drains into the superior rectal vein.,2
Adenoma,1
Cyclothymic disorder,2
Increased lung compliance,1
He will have pain with inversion and eversion of his foot.,3
Amphotericin B and flucytosine,2
Low-density lipoprotein,3
Villous atrophy and crypt hypertrophy,3
Avoidant personality disorder,3
Vaccination,4
Adverse effect of anesthetic,3
Hemolytic transfusion reaction; discontinue transfusion,4
Amitriptyline,3
Papilledema,3
Monosodium urate,3
Pes anserine bursitis,4
Mifepristone,3
Demyelination of the medial longitudinal fasciculus,1
Cilostazol,1
Thoracic aortic aneurysm,4
Flagellated protozoa,4
NSAIDs,3
Corneal reflex test,4
Adhesive pili,3
Brownish inclusions in the pulmonary macrophages on H&E staining,1
Analysis of variance,3
Propranolol,1
Left frontal lobe,1
Dilation of the intracerebral arterioles,4
"Tetanus, diphtheria, and acellular pertussis booster (Tdap) vaccine",2
Gram-negative bacilli,1
Increased breakdown of intracellular RNA,4
HLA-A3,4
Gluten-free diet,3
Cell injury due to drug metabolites,4
Can be transmitted on medical equipment even after autoclaving instruments,1
Hypoparathyroidism,2
Diminished ovarian reserve,2
N-acetylcysteine,1
Gonadal mosaicism,3
High TSH,3
Fibroadenoma,1
Respect the patient's written instructions and do not adminster a blood transfusion,3
Increase the frequency of blood glucose checks.,1
Hyperplasia,1
Reassurance and follow-up,2
No further intervention,1
Ventricular septal defect,1
Lipodystrophy,2
Overflow proteinuria,1
T-score of -1.6,4
Corynebacterium diphtheriae,4
Lysosomal acid maltase,3
Granulocyte-macrophage colony-stimulating factor,4
ANA and anti-dsDNA levels,4
Bacteroides fragilis,1
Psoriatic arthritis,3
Required for dehydrogenase enzymes,2
Sentinel node - right lumbar trunk - cisterna chyli - thoracic duct - left subclavian vein - systemic circulation,4
Granulation tissue,2
Angiotensin-converting-enzyme inhibitor (ACEI),1
Abnormal CFTR protein,2
Fluoxetine,3
Endocardial cushion,1
Tumor necrosis factor-α,1
Eosinophilic esophagitis,3
Exertional heat stroke,1
Impaired methylation of myelin phospholipids,3
Reassurance,4
Sofosbuvir and simeprevir,1
Silent thyroiditis,3
Anti-cyclic citrullinated peptide (anti-CCP) antibody,2
Increased serum amyloid A production,4
Copper,2
Gram-positive bacteria producing exotoxin that acts via ADP ribosylation,2
Syringomyelia,3
Increased creatine kinase concentration,1
Hyperplasia of the adrenal cortex,4
Hyperplasia of juxtaglomerular cells,1
Hyperbaric oxygen therapy,2
Right main,4
Formation of noncaseating granulomas,3
Osteitis deformans,2
Dantrolene,1
Double-positive T cell,2
Posttraumatic stress disorder,3
Elastase,4
Rosiglitazone,3
Cognitive-behavioral therapy,1
"Trimethoprim, sulfamethoxazole, azithromycin",3
Is transmitted by air conditioning,4
Radiograph of the wrist,1
Clomiphene therapy,3
Acute inferior myocardial infarction,3
Request further information about which drugs he has taken recently and in the past,2
Botox,1
Intravenous vancomycin therapy,2
Iron deficiency,3
Pancreas,1
Bupropion lowers the seizure threshold and it should not be taken by patients with a history of seizure disorder.,3
“I'm sorry for your loss. This must be a difficult situation for you.”,1
Iron deficiency,4
67%,1
Cell wall inhibitor,2
A 9-month-old boy who has had recurrent otitis media and pneumococcal pneumonia in the past three months,4
Affective symptoms,1
Decreased activity of UDP-glucuronosyltransferase,3
Hypercellular areas of spindle cells and hypocellular areas of myxoid stroma,3
Decreasing sodium intake,2
Propranolol therapy,4
Recipient T-cells in the graft,1
Proton-pump inhibitors,1
Cardiac contusion,1
Broad and waxy casts,4
Upper gastointestinal endoscopy,2
Echocardiography,3
Glycine,1
Anion gap metabolic acidosis,1
Nasal congestion due to a viral infection,3
"Hepatocytes with shrunken, eosinophilic cytoplasm and pyknotic nuclei",1
Punctate bleeding spots when dermatologic scales are removed,4
Proper diet and iron supplementation,2
Phenoxybenzamine,4
Decreased heart rate,3
Craniopharyngioma,2
"Administer betamethasone, ampicillin, and proceed with cesarean section",3
Lysosomal enzymes,4
The future risk of open-angle glaucoma is the same in patients with and those without diabetes,1
A type 1 error occurs when the null hypothesis is true but is rejected in error.,1
Myocardial infarction,1
Incision and drainage,2
9/100,1
Multiple endocrine neoplasia (MEN) 2A,2
Increased alveolar-arterial gradient,1
Protein S deficiency,3
Epstein barr virus (EBV),3
X-linked recessive,1
"Deep vein thrombosis
""",4
Mefloquine,2
MEN1,4
Insulin production by the pancreas is insufficient for exenatide to be effective.,1
Mesothelioma,2
Blood glucose and cholesterol level measurements,3
480 mL,1
Prednisone,4
Progestin therapy,4
Efavirenz,1
Ixodes scapularis,1
Simvastatin,2
Scalded skin syndrome,2
Lichen sclerosus,2
Bilateral miosis,1
Laparoscopy,1
Arteriovenous malformation in the colonic wall,4
Vasovagal syncope,1
Apply a simple shoulder sling,2
Direct activation of dopamine receptors,2
Retinoic acid,3
Blocking antibody attack on the O antigen,2
Ventricular shunting,1
Surgical fusion of C1/C2,2
Delirium,2
Nifedipine,3
Plasmodium falciparum,2
Thyroid-stimulating hormone (TSH),4
Medication abuse,4
Stop evening exercise,2
Schizotypal personality disorder,3
Chronic obstructive pulmonary disease (COPD),3
